label,num_words,num_lines,avg_words
None,56745,2007,28.27354260089686
Sex,7323,236,31.029661016949152
Mental_Health,2908,43,67.62790697674419
Money_Financial,3799,53,71.67924528301887
Medical,1687,33,51.121212121212125
Drugs,3462,73,47.42465753424658
Race_ProtectedGroups,9441,203,46.50738916256157
Excretions,2814,93,30.258064516129032
Academics,1448,43,33.674418604651166
Death,964,15,64.26666666666667
